<?xml version="1.0" encoding="UTF-8"?>
<!DOCTYPE hibernate-mapping PUBLIC "-//Hibernate/Hibernate Mapping DTD 3.0//EN" "http://hibernate.sourceforge.net/hibernate-mapping-3.0.dtd">
<hibernate-mapping>
  <class name="GetterSetter.GS_Movkld" table="moviekld">
      <id name="movid"/>
    <property name="action"></property>  
    <property name="adventure"></property>  
    <property name="animation"></property>  
    <property name="comedy"></property>  
    <property name="crime"></property>
    <property name="drama"></property>
     
   </class>
</hibernate-mapping>
